,Prediction,Target,Residual,Difference%
0,10685.501696492101,2300.000000000001,-8385.501696492101,364.5870302822651
1,3499.255242333914,2799.9999999999995,-699.2552423339143,24.973401511925516
2,7553.285218085081,2499.9999999999995,-5053.285218085082,202.13140872340333
3,7463.963016860932,6399.9999999999945,-1063.9630168609374,16.62442213845216
4,11353.490075464075,9150.000000000007,-2203.4900754640676,24.081858748241157
5,21289.799393735906,19999.99999999998,-1289.7993937359242,6.4489969686796265
6,20159.189144395463,38888.00000000001,18728.810855604544,48.160900163558274
7,20349.61770212373,16998.999999999996,-3350.6177021237345,19.710675346336462
8,11581.53786425348,12500.0,918.4621357465203,7.347697085972163
9,33614.61734899247,41000.00000000003,7385.38265100756,18.013128417091593
10,7241.0682430768375,12799.99999999999,5558.931756923153,43.429154350962165
11,5175.769540560318,5000.000000000004,-175.76954056031445,3.515390811206286
12,5484.01536239228,7899.999999999996,2415.9846376077166,30.58208402035086
13,13292.711243487753,16998.999999999996,3706.2887565122437,21.80298109601885
14,8248.666685869559,9200.000000000005,951.3333141304465,10.34057950141789
15,10621.836766816583,11999.0,1377.163233183417,11.477316719588442
16,23721.581637060386,20500.000000000015,-3221.5816370603716,15.71503237590424
17,11770.63600973464,9700.000000000004,-2070.636009734637,21.34676298695501
18,37600.14672216701,39899.99999999999,2299.8532778329827,5.764043302839557
19,16178.14330713051,16399.999999999996,221.85669286948723,1.3527847126188248
20,11876.820988102263,15200.000000000007,3323.179011897744,21.863019815116726
21,31557.804998955777,24500.0,-7057.804998955777,28.80736734267664
22,6102.358118471639,5650.000000000004,-452.35811847163495,8.006338380028932
23,13111.91414439446,12899.999999999993,-211.91414439446817,1.642745305383475
24,23650.150724640236,20900.000000000007,-2750.150724640229,13.158615907369512
25,45272.24841130184,31989.999999999996,-13282.248411301847,41.52000128572006
26,2178.941671877573,3599.999999999998,1421.0583281224253,39.47384244784517
27,2555.022542388488,11599.999999999993,9044.977457611505,77.97394360009923
28,35991.51053896559,43999.00000000003,8007.489461034442,18.199253303562436
29,26062.229418879717,42499.99999999999,16437.770581120276,38.67710724969478
30,15559.43286102682,7899.999999999996,-7659.432861026824,96.95484634211175
31,12858.079482122337,12650.000000000005,-208.07948212233168,1.644897091876139
32,12459.85365928459,19900.000000000007,7440.146340715417,37.3876700538463
33,22941.799939346976,15000.000000000004,-7941.799939346973,52.9453329289798
34,19854.793382122734,14000.0,-5854.793382122734,41.819952729448104
35,11337.5146463392,20900.000000000007,9562.485353660808,45.75351843856844
36,10499.604209482919,12299.999999999989,1800.39579051707,14.637364150545299
37,26478.145999733555,20800.000000000007,-5678.145999733548,27.298778844872817
38,9919.185926674418,14600.000000000005,4680.814073325588,32.06037036524374
39,16724.44786307289,29600.000000000004,12875.552136927112,43.49848694907807
40,18672.675182669194,18000.000000000007,-672.675182669187,3.7370843481621487
41,19845.356741048472,16299.999999999993,-3545.3567410484793,21.750654853058165
42,23286.2731318962,38500.0,15213.7268681038,39.5161736833865
43,21611.833584773965,22399.99999999998,788.1664152260164,3.5186000679732903
44,7241.0682430768375,14000.0,6758.9317569231625,48.27808397802259
45,8512.026843925532,6999.999999999999,-1512.0268439255333,21.60038348465048
46,3542.720692081537,2999.9999999999977,-542.7206920815393,18.09068973605132
47,26425.136309845533,25998.999999999993,-426.1363098455404,1.639048847438519
48,77403.05522420825,54999.99999999995,-22403.0552242083,40.73282768037876
49,4973.174599430358,4900.000000000004,-73.17459943035465,1.4933591720480528
50,2479.4308037952487,2199.9999999999995,-279.4308037952492,12.70140017251133
51,2543.5691727786766,3149.2499999999986,605.680827221322,19.23254194558458
52,10716.844536461549,9800.000000000007,-916.8445364615418,9.355556494505523
53,20453.886118022725,20999.999999999985,546.1138819772605,2.6005422951298134
54,18575.42912967637,20900.000000000007,2324.570870323638,11.122348661835584
55,12674.571846721348,10699.99999999999,-1974.5718467213574,18.453942492722984
56,15380.041121409535,8800.000000000007,-6580.0411214095275,74.77319456147184
57,21942.05297982714,25500.0,3557.947020172862,13.952733412442594
58,35336.33375519584,49500.00000000002,14163.666244804182,28.61346716122056
59,8195.342606001384,7600.000000000003,-595.3426060013817,7.833455342123441
60,12469.207486888703,12500.0,30.792513111297012,0.24634010489037608
61,7396.871306742479,7300.000000000002,-96.87130674247692,1.3270042019517383
62,10848.85489673675,8500.000000000005,-2348.854896736744,27.633587020432266
63,5351.861600984674,3300.0,-2051.8616009846737,62.17762427226285
64,9611.802723529176,15000.000000000004,5388.197276470828,35.92131517647218
65,19847.248761304894,18200.000000000004,-1647.2487613048906,9.050817369807088
66,3316.4416706408647,2300.000000000001,-1016.4416706408638,44.19311611482015
67,7621.250207365624,4099.999999999999,-3521.250207365625,85.88415139916161
68,6717.169782949669,6099.999999999998,-617.1697829496707,10.11753742540444
69,2440.9044480507278,1399.9999999999998,-1040.904448050728,74.35031771790915
70,50206.831651328226,73499.99999999996,23293.16834867173,31.69138550839693
71,15627.026384063347,14500.000000000004,-1127.0263840633434,7.772595752160987
72,23624.691739927086,22499.99999999999,-1124.691739927097,4.998629955231544
73,18577.882110486866,30500.000000000022,11922.117889513156,39.088911113157856
74,1746.1934762340338,2650.0,903.8065237659662,34.105906557206275
75,4209.169809602088,5499.999999999999,1290.8301903979109,23.469639825416564
76,5144.019729109851,6499.999999999995,1355.9802708901443,20.861234936771467
77,5930.7326070748995,5699.999999999998,-230.73260707490135,4.047940474998271
78,30810.24552405207,29900.0,-910.2455240520685,3.0442994115453796
79,18893.759359278665,15700.000000000002,-3193.7593592786634,20.34241630113798
80,6819.443978614971,8800.000000000007,1980.5560213850367,22.506318424829942
81,12891.963557348898,5299.999999999996,-7591.963557348901,143.2445954216775
82,7320.41718615905,2600.0,-4720.41718615905,181.55450715996346
83,6013.05130988571,4800.000000000001,-1213.051309885709,25.271902289285602
84,4364.0826908919325,6499.999999999995,2135.917309108063,32.86026629397022
85,19001.28524098558,17800.000000000007,-1201.2852409855732,6.748793488682993
86,8071.700531610053,11099.999999999993,3028.2994683899396,27.28197719270218
87,2315.708586058903,2400.0000000000005,84.29141394109729,3.5121422475457194
88,10807.784696857358,7500.000000000001,-3307.7846968573567,44.10379595809808
89,11696.246762970757,12899.999999999993,1203.7532370292356,9.331420442087103
90,9143.170322091642,6799.999999999999,-2343.1703220916434,34.45838708958299
91,13421.161752681564,13200.000000000002,-221.16175268156258,1.6754678233451707
92,7116.677424535003,9800.000000000007,2683.322575465004,27.380842606785734
93,18317.19561107394,10974.210000000005,-7342.9856110739365,66.91129120979035
94,7724.173174731974,7799.999999999996,75.82682526802273,0.9721387854874715
95,47013.28022100098,54999.99999999995,7986.719778998966,14.521308689089043
96,7976.259438890045,7700.0000000000055,-276.25943889003975,3.587784920649864
97,3648.9583080189977,2699.999999999999,-948.9583080189987,35.14660400070366
98,6746.484165333365,8500.000000000005,1753.5158346666403,20.62959805490164
99,6437.210068565191,8999.0,2561.7899314348088,28.467495626567498
100,32886.86489210728,39500.00000000002,6613.13510789274,16.7421141971968
101,5958.628729477203,6150.000000000005,191.37127052280175,3.111727975980514
102,28625.558932215725,28900.00000000002,274.4410677842934,0.9496230719179697
103,4488.434440632945,4150.000000000003,-338.4344406329419,8.155046762239559
104,5521.279852639117,8800.000000000007,3278.72014736089,37.25818349273736
105,8882.654683748642,10000.00000000001,1117.345316251367,11.17345316251366
106,16547.028656552746,14199.999999999995,-2347.0286565527513,16.52837082079403
107,7131.91735879336,9800.000000000007,2668.082641206647,27.225333073537193
108,7300.0453984843,6499.999999999995,-800.0453984843043,12.308390745912384
109,12663.536468855991,12199.999999999996,-463.5364688559948,3.7994792529179913
110,25614.137959781718,25500.0,-114.13795978171765,0.4475998422812457
111,3152.621895111277,4999.000000000002,1846.378104888725,36.934949087592
112,22835.476529448686,16950.0,-5885.476529448686,34.722575394977504
113,6006.268111213142,6998.999999999996,992.7318887868541,14.183910398440558
114,27716.137106290116,27299.99999999999,-416.1371062901271,1.524311744652481
115,6981.341423480275,8800.000000000007,1818.6585765197324,20.66657473317876
116,15819.502366852088,8300.000000000007,-7519.502366852081,90.59641405845873
117,7178.198802572889,11099.999999999993,3921.801197427104,35.33154231916312
118,14943.749696639565,17299.999999999996,2356.2503033604316,13.619943950060302
119,10448.502953538875,8999.0,-1449.5029535388749,16.107378081329866
120,50728.8923253595,65000.00000000002,14271.107674640523,21.95555026867772
121,41075.72515710447,27200.0,-13875.725157104469,51.013695430531136
122,19335.335346870364,55555.00000000002,36219.66465312966,65.19604833611672
123,5643.452539963911,6299.999999999996,656.5474600360858,10.42138825454105
124,15691.289504787366,22899.999999999996,7208.71049521263,31.479085131932887
125,13733.331470540672,16800.000000000004,3066.6685294593317,18.25397934201983
126,13459.922618969526,12299.999999999989,-1159.9226189695364,9.430265194874288
127,12311.466267850881,11700.000000000007,-611.4662678508739,5.226207417528834
128,7727.5268454484,11199.99999999999,3472.4731545515906,31.004224594210655
129,11580.541437974818,9000.000000000004,-2580.5414379748145,28.672682644164592
130,17489.923975789945,18000.000000000007,510.0760242100623,2.8337556900559004
131,23967.813322352984,27500.000000000022,3532.186677647038,12.844315191443764
132,11200.195091925341,9999.0,-1201.1950919253413,12.01315223447686
133,9279.276978519092,9600.000000000004,320.7230214809115,3.340864807092827
134,12096.18269054933,11499.999999999996,-596.1826905493344,5.184197309124649
135,44407.1362894666,59999.00000000003,15591.863710533427,25.986872632099566
136,12006.663593542993,17900.000000000007,5893.336406457014,32.923667075178834
137,66032.75773461437,107998.99999999996,41966.24226538559,38.857991523426705
138,11095.570132829349,8999.0,-2096.570132829349,23.29781234391987
139,7712.646561150116,11499.999999999996,3787.35343884988,32.93350816391201
140,10358.575997489746,11999.999999999993,1641.4240025102463,13.678533354252059
141,1815.2797178051942,3099.9999999999986,1284.7202821948044,41.44258974821952
142,6839.566699883351,7650.000000000001,810.4333001166497,10.59389934793006
143,8768.294477466874,7700.0000000000055,-1068.2944774668686,13.873954252816464
144,11969.66195805076,12899.999999999993,930.3380419492332,7.211922805808014
145,4307.68389737128,3399.999999999999,-907.6838973712811,26.696585216802394
146,8298.315679639527,11899.999999999998,3601.6843203604712,30.26625479294514
147,7772.572821556343,7199.999999999996,-572.5728215563468,7.95240029939371
148,25040.41620128974,36999.99999999997,11959.583798710231,32.32319945597362
149,8351.336947354257,6499.999999999995,-1851.3369473542616,28.482106882373277
150,9800.433661753243,9499.999999999995,-300.4336617532481,3.1624595974026137
151,10889.39199083279,12899.999999999993,2010.608009167203,15.58610859819538
152,44680.76554408951,51899.99999999996,7219.234455910453,13.909892978632868
153,3666.3085925428004,3200.0000000000027,-466.30859254279767,14.572143516962416
154,11443.846817473943,9498.999999999995,-1944.8468174739482,20.474226944667326
155,3086.3835539487263,2498.9999999999995,-587.3835539487268,23.504744055571305
156,9192.057847095852,10499.999999999993,1307.942152904141,12.4565919324204
157,7491.012786146516,8600.0,1108.9872138534838,12.89520016108702
158,15623.387390775566,20999.00000000001,5375.612609224445,25.599374299844957
159,12904.677794930349,9499.999999999995,-3404.677794930354,35.83871363084585
160,32954.19299264486,52777.00000000001,19822.80700735515,37.55955626002832
161,13967.547887413915,5499.999999999999,-8467.547887413915,153.9554161347985
162,9954.41624710832,1800.0000000000005,-8154.41624710832,453.023124839351
163,23972.55875714672,36900.000000000015,12927.441242853296,35.03371610529347
164,18403.35338696556,13893.750000000002,-4509.603386965557,32.45778416169541
165,9596.937287202814,9399.999999999995,-196.9372872028198,2.0950775234342545
166,15292.099166745667,8300.000000000007,-6992.09916674566,84.2421586354898
167,13212.52277111339,23999.000000000015,10786.477228886624,44.94552785068802
168,11420.945574824267,11999.0,578.0544251757328,4.8175216699369345
169,8522.394362426363,5799.999999999996,-2722.3943624263666,46.93783383493738
170,19741.653612471568,29999.000000000025,10257.346387528458,34.19229436824044
171,8392.418107413358,7150.0,-1242.4181074133576,17.376477026760245
172,11156.379250587504,10800.000000000007,-356.37925058749715,3.2998078758101568
173,36516.35030450327,37899.99999999998,1383.6496954967079,3.650790753289469
174,7745.022480808248,6399.9999999999945,-1345.022480808253,21.01597626262897
175,34863.52747136494,47600.0,12736.472528635059,26.757295228224915
176,6732.97040622121,8400.000000000002,1667.0295937787914,19.845590402128465
177,8916.193497779523,11999.0,3082.8065022204773,25.69219520143743
178,17316.594893865935,13900.000000000002,-3416.594893865933,24.579819380330452
179,14933.537846146179,29500.000000000025,14566.462153853847,49.37783780967401
180,19701.697115439772,49999.0,30297.302884560228,60.59581768547416
181,17597.102211620433,25500.0,7902.897788379567,30.991756032861044
182,10123.039936728266,2799.9999999999995,-7323.039936728266,261.5371405974381
183,47014.52114163419,95000.00000000006,47985.47885836587,50.51103037722719
184,29479.967729684377,34000.00000000003,4520.032270315653,13.294212559751909
185,6130.964040573784,6699.9999999999945,569.0359594262109,8.493074021286736
186,19071.434331915614,22899.999999999996,3828.565668084382,16.718627371547523
187,28256.79006486206,34900.00000000001,6643.2099351379475,19.034985487501277
188,10159.181922541457,10900.000000000002,740.8180774585453,6.796496123472892
189,10786.380590433873,8000.0,-2786.3805904338733,34.829757380423416
190,13377.985572645577,10300.000000000005,-3077.9855726455717,29.883355074228835
191,15956.948099097206,29999.000000000025,14042.05190090282,46.808399949674346
192,18285.074151229765,25900.0,7614.9258487702355,29.401258103359986
193,14832.319764749784,12399.999999999996,-2432.3197647497873,19.61548197378861
194,9310.693624797674,8400.000000000002,-910.6936247976719,10.841590771400854
195,20588.568482161576,21899.999999999993,1311.4315178384168,5.988271770951677
196,5948.039266997013,2600.0,-3348.0392669970133,128.77074103834667
197,2126.492038184836,2549.9999999999995,423.5079618151635,16.608155365300533
198,17983.09862311821,19599.99999999998,1616.9013768817713,8.249496820825371
199,2784.45874975685,1950.0000000000005,-834.4587497568496,42.792756397787144
200,11098.175271532846,10199.99999999999,-898.1752715328548,8.805639916988781
201,10094.580324304596,7776.999999999997,-2317.5803243045984,29.80044135662337
202,5040.459413384654,6999.999999999999,1959.540586615345,27.993436951647794
203,65613.3138610242,99999.0,34385.6861389758,34.38602999927579
204,7664.318825178699,9000.000000000004,1335.681174821305,14.840901942458936
205,13041.394182251595,19699.99999999999,6658.605817748394,33.800029531717755
206,19920.631866661006,16000.000000000002,-3920.631866661004,24.503949166631273
207,15010.512668207142,13200.000000000002,-1810.5126682071405,13.716005062175304
208,5716.135629534165,2999.9999999999977,-2716.135629534167,90.53785431780564
209,8242.617522461063,6600.000000000001,-1642.6175224610624,24.888144279713064
210,31216.825615353227,54999.99999999995,23783.17438464672,43.24213524481226
211,6848.879870306277,8199.999999999998,1351.1201296937215,16.477074752362462
212,16133.857372318997,15700.000000000002,-433.85737231899475,2.76342275362417
213,15872.907209027837,14300.000000000002,-1572.907209027835,10.999351112082762
214,2393.344697703534,3499.9999999999995,1106.6553022964654,31.61872292275616
215,5284.0580740888,3300.0,-1984.0580740888,60.122971942084845
216,12974.892095144081,18900.00000000001,5925.1079048559295,31.349777274369977
217,8661.949593512132,13998.999999999996,5337.050406487864,38.12451179718455
218,11490.435085262661,14899.999999999995,3409.5649147373333,22.882986004948556
219,34376.16139025861,85000.0,50623.83860974139,59.55745718793105
220,13348.914970144097,15999.00000000001,2650.0850298559126,16.564066690767618
221,34863.52747136494,109999.00000000007,75135.47252863513,68.30559598599541
222,20662.464839823704,18900.00000000001,-1762.4648398236932,9.325210792717947
223,6199.591766106244,13200.000000000002,7000.408233893758,53.033395711316345
224,3939.9074343612456,15500.00000000001,11560.092565638763,74.58124235895971
225,6916.126259380721,3899.9999999999977,-3016.1262593807237,77.33657075335194
226,11191.050021015139,9600.000000000004,-1591.050021015135,16.57343771890765
227,17251.59978828316,14300.000000000002,-2951.59978828316,20.640557960022093
228,15682.818971905252,9600.000000000004,-6082.818971905248,63.362697624012974
229,7719.69139457028,9300.000000000007,1580.3086054297273,16.992565649782
230,9198.075933085149,15799.999999999995,6601.924066914846,41.78432953743575
231,9312.208451700906,7300.000000000002,-2012.2084517009043,27.56449933836855
232,1320.5627675088342,3699.9999999999995,2379.4372324911656,64.30911439165314
233,6110.943728587014,8700.000000000004,2589.056271412989,29.759267487505607
234,12731.257645219413,9800.000000000007,-2931.257645219406,29.910792298157183
235,2765.1351835315772,2900.0000000000005,134.86481646842321,4.650510912704249
236,9024.053897152931,4900.000000000004,-4124.053897152928,84.16436524801887
237,25037.866556057852,21199.99999999999,-3837.866556057863,18.10314413234842
238,26736.212539265904,16100.00000000001,-10636.212539265895,66.06343192090614
239,10581.621407929793,10999.000000000005,417.3785920702121,3.794695809348231
240,10419.19530580059,12999.99999999999,2580.8046941994016,19.852343801533873
241,18432.633175484407,30500.000000000022,12067.366824515615,39.56513712955936
242,7597.393982084933,7500.000000000001,-97.39398208493185,1.298586427799091
243,32925.595355687045,69499.99999999996,36574.40464431291,52.62504265368768
244,7110.316055950937,8990.000000000007,1879.6839440490703,20.908608943816116
245,15457.913719822505,9800.000000000007,-5657.913719822498,57.73381346757647
246,41711.184054787074,30500.000000000022,-11211.184054787052,36.75798050749851
247,13159.161073215462,16200.0,3040.8389267845378,18.770610659163815
248,22011.47048296808,13998.999999999996,-8012.470482968085,57.23602030836551
249,7391.674953646629,15200.000000000007,7808.325046353379,51.370559515482725
250,5041.197087416219,3800.0000000000014,-1241.1970874162175,32.66308124779518
251,6978.909844300838,6499.999999999995,-478.90984430084245,7.367843758474504
252,9721.503470008432,9899.999999999995,178.49652999156206,1.8029952524400217
253,18128.315157388533,15900.000000000007,-2228.315157388526,14.01456073829261
254,6413.264414017839,5998.999999999996,-414.2644140178427,6.905557826601816
255,24796.0890693974,45999.99999999999,21203.910930602593,46.09545854478825
256,1825.439927459079,1900.0000000000005,74.56007254092151,3.924214344259026
257,41503.902092718636,37499.99999999998,-4003.9020927186575,10.67707224724976
258,13680.480247302121,11899.999999999998,-1780.4802473021227,14.962018884891789
259,6067.791860436866,6199.999999999998,132.20813956313214,2.1323893477924543
260,6858.890526612798,9999.0,3140.1094733872023,31.40423515738776
261,53312.81393563538,48535.50000000001,-4777.313935635371,9.84292720922906
262,12414.407822621688,8419.999999999993,-3994.4078226216952,47.43952283398692
263,9089.349687499001,7700.0000000000055,-1389.349687498996,18.043502435051884
264,31059.178151222935,41999.99999999998,10940.821848777043,26.049575830421546
265,20163.482025707923,30500.000000000022,10336.5179742921,33.89022286653145
266,65742.57311854322,109999.00000000007,44256.42688145685,40.23348110569807
267,40753.5821324329,39999.99999999997,-753.5821324329299,1.883955331082326
268,6893.6186280086995,6399.9999999999945,-493.61862800870495,7.712791062636021
269,4151.015208196982,6499.999999999995,2348.9847918030136,36.138227566200236
270,8263.946827397966,7700.0000000000055,-563.9468273979601,7.323984771402074
271,3948.736262016109,2199.9999999999995,-1748.7362620161093,79.48801190982316
272,9749.525108397098,9800.000000000007,50.47489160290934,0.515049914315401
273,12318.39465227905,12899.999999999993,581.6053477209425,4.508568586984054
274,9113.05046941718,6899.999999999999,-2213.0504694171805,32.07319520894465
275,22547.554889453193,18499.999999999985,-4047.5548894532076,21.878675078125465
276,5002.3886076133485,2999.0000000000023,-2003.3886076133463,66.80188754962803
277,12900.310005216663,15000.000000000004,2099.689994783341,13.997933298555601
278,53063.222821525196,60499.99999999999,7436.7771784747965,12.292193683429417
279,3154.478728968175,4300.0,1145.521271031825,26.640029558879654
280,12327.096716829934,12498.99999999999,171.90328317005697,1.375336292263838
281,11638.88973820115,13708.5,2069.610261798851,15.097277322820519
282,12261.18880074197,4099.999999999999,-8161.18880074197,199.05338538395054
283,7630.643890653853,5499.999999999999,-2130.643890653854,38.73897983007008
284,40765.326878862135,112000.00000000003,71234.6731211379,63.60238671530168
285,34761.74233438244,23999.999999999985,-10761.742334382456,44.840593059926924
286,19659.974288311154,16699.999999999996,-2959.9742883111576,17.72439693599496
287,1972.2775087469279,2300.000000000001,327.72249125307303,14.248803967524909
288,6635.728959579269,4300.0,-2335.728959579269,54.31927812975045
289,7178.198802572889,10949.999999999996,3771.8011974271076,34.445673035864004
290,1894.4000103749781,1950.0000000000005,55.59998962502232,2.8512815192319128
291,20433.229536304698,30999.000000000025,10565.770463695328,34.08423001934036
292,8962.28736597573,7500.000000000001,-1462.2873659757288,19.497164879676383
293,8431.893150091293,7998.999999999996,-432.8931500912968,5.411840856248243
294,13471.844710199217,10599.999999999993,-2871.844710199224,27.092874624521002
295,5350.905496262676,6899.999999999999,1549.094503737323,22.45064498170034
296,21690.992147930352,30900.0,9209.007852069648,29.80261440799239
297,22261.497997323455,19200.000000000007,-3061.4979973234476,15.94530206939295
298,17937.35921598979,4800.000000000001,-13137.359215989789,273.6949836664539
299,20183.30187395936,18999.000000000004,-1184.3018739593572,6.233495836409058
300,20236.84975829883,31599.999999999993,11363.150241701162,35.95933620791508
301,9782.472698579088,10199.99999999999,417.5273014209033,4.093404915891212
302,4738.89009388355,6999.999999999999,2261.1099061164487,32.30157008737784
303,23496.35894530962,32999.99999999998,9503.641054690357,28.7989122869405
304,6546.805636977017,4400.000000000004,-2146.805636977013,48.79103720402298
305,10505.981483169357,13900.000000000002,3394.0185168306452,24.417399401659313
306,3164.6601217137522,2498.9999999999995,-665.6601217137527,26.637059692427083
307,24974.56535160876,28900.00000000002,3925.4346483912595,13.582818852564904
308,8967.73842715629,8900.000000000002,-67.7384271562878,0.7611059231043571
309,6510.797138898861,5000.000000000004,-1510.7971388988572,30.215942777977123
310,9205.100754918843,12799.99999999999,3594.8992450811475,28.085150352196486
311,51287.191859163606,52055.25,768.0581408363942,1.4754672023213684
312,14792.290434887302,18799.999999999993,4007.709565112691,21.317604069748363
313,10014.714115816463,12500.0,2485.285884183537,19.882287073468294
314,5811.741331282743,5999.999999999995,188.25866871725248,3.137644478620877
315,4590.487309487831,4300.0,-290.4873094878312,6.755518825298401
316,65887.50567131027,114999.00000000007,49111.494328689805,42.70601859902241
317,12247.903667704095,12750.0,502.0963322959051,3.9380104493796475
318,39744.798315275635,34900.00000000001,-4844.798315275628,13.881943596778301
319,10612.511035397814,12399.999999999996,1787.488964602182,14.415233585501472
320,10350.24516204444,13499.999999999996,3149.7548379555556,23.331517318189306
321,23630.846346231887,19500.000000000007,-4130.84634623188,21.183827416573735
322,65210.34994725872,115800.0,50589.65005274128,43.68708985556242
323,7098.528327753416,9899.999999999995,2801.4716722465782,28.29769365905636
324,8316.916756615301,9600.000000000004,1283.0832433847027,13.36545045192398
325,9057.77298896716,14999.00000000001,5941.22701103285,39.61082079493864
326,9356.427211205808,5499.999999999999,-3856.427211205809,70.11685838556018
327,10716.00372618542,14899.999999999995,4183.996273814575,28.08051190479582
328,15067.851226060167,14199.999999999995,-867.8512260601728,6.111628352536431
329,7327.179506513582,7199.999999999996,-127.1795065135857,1.7663820349109134
330,11336.711066305528,12299.999999999989,963.2889336944609,7.831617347109445
331,11002.005953636099,13900.000000000002,2897.994046363903,20.848878031394985
332,14591.347324136073,16899.999999999993,2308.6526758639193,13.660666721088285
333,12452.21828107007,11960.00000000001,-492.2182810700615,4.115537467140979
334,12414.721906372944,22999.999999999993,10585.278093627048,46.022948233161095
335,13004.340759369199,10699.99999999999,-2304.340759369208,21.535894947375795
336,8250.468646044677,9950.000000000002,1699.5313539553244,17.080717125179138
337,5374.7447060240665,3750.0,-1624.7447060240665,43.32652549397511
338,38260.3617232915,75554.99999999997,37294.63827670847,49.36091360824364
339,11099.09068226555,6998.999999999996,-4100.090682265554,58.58109275990222
340,14815.825011794908,15400.000000000013,584.1749882051045,3.793344079253922
341,12897.917851737127,9499.999999999995,-3397.917851737133,35.7675563340751
342,14572.69740456628,27900.000000000007,13327.302595433728,47.768109661052776
343,60603.06495260211,124000.0000000001,63396.935047397994,51.12656052209511
344,11937.309387450816,13995.000000000007,2057.6906125491914,14.703041175771277
345,28951.197614521992,45499.99999999997,16548.80238547798,36.370994253797775
346,32945.80085756995,23500.00000000001,-9445.800857569939,40.19489726625504
347,26441.0266189331,15900.000000000007,-10541.026618933094,66.29576489895025
348,12201.288473804767,9499.999999999995,-2701.2884738047724,28.434615513734464
349,2020.2506661560665,3699.9999999999995,1679.749333843933,45.398630644430625
350,20246.04044535442,23500.00000000001,3253.9595546455894,13.846636402747182
351,25951.306702310474,19692.08,-6259.226702310472,31.785503117550164
352,5238.053343357362,3999.9999999999995,-1238.0533433573623,30.95133358393406
353,9753.438271391315,20399.999999999985,10646.56172860867,52.18902808141509
354,16717.08488555138,15500.00000000001,-1217.0848855513705,7.852160551944321
355,22454.744272082746,35500.00000000002,13045.255727917276,36.74719923356977
356,10133.678022135266,8750.000000000007,-1383.6780221352583,15.813463110117224
357,11018.791245933124,15700.000000000002,4681.208754066878,29.816616267941896
358,63921.3259252987,80999.00000000001,17077.674074701317,21.083808534304517
359,4524.770205947623,3998.9999999999995,-525.7702059476237,13.147542034199144
360,4770.523577698579,5499.999999999999,729.4764223014199,13.263207678207637
361,8688.917803485841,11700.000000000007,3011.082196514166,25.735745269351828
362,27293.13403732829,39040.00000000004,11746.865962671745,30.08930830602391
363,44193.382453811355,75500.00000000004,31306.61754618869,41.465718604223404
364,21681.000984484497,30999.000000000025,9317.999015515528,30.059030986533504
365,10547.817237971565,19500.000000000007,8952.182762028442,45.908629548863786
366,13420.145851263584,6998.999999999996,-6421.145851263587,91.74376126966125
367,42703.67699550413,42499.99999999999,-203.67699550413818,0.47923998942150164
368,8415.811753224785,8800.000000000007,384.18824677522207,4.3657755315366105
369,3084.6878393787606,3099.9999999999986,15.312160621238036,0.4939406652012272
370,10835.953852579702,14500.000000000004,3664.046147420302,25.269283775312424
371,9661.78374946361,6799.999999999999,-2861.7837494636105,42.08505513917075
372,8110.062972457655,10989.99999999999,2879.937027542336,26.20506849447078
373,10821.189320824345,8298.999999999996,-2522.189320824349,30.39148476713279
374,24427.1350738714,36000.00000000002,11572.864926128623,32.14684701702393
375,65742.57311854322,105998.99999999996,40256.42688145673,37.978119493067624
376,5391.767053293504,5999.999999999995,608.232946706491,10.137215778441524
377,9909.624914790522,8700.000000000004,-1209.6249147905182,13.903734652764571
378,2749.081429372493,3300.0,550.918570627507,16.694502140227485
379,17654.844079818206,17800.000000000007,145.15592018180178,0.8154826976505714
380,3473.7881689717346,3499.9999999999995,26.211831028264896,0.7489094579504257
381,33499.43826573113,34999.99999999997,1500.561734268842,4.287319240768124
382,7918.894911689037,2400.0000000000005,-5518.894911689036,229.95395465370981
383,13757.580420389986,8900.000000000002,-4857.580420389984,54.57955528528071
384,4296.767062252364,5000.000000000004,703.2329377476399,14.064658754952788
385,13235.552088601446,8999.0,-4236.552088601446,47.078031876891274
386,7267.356433414932,8099.999999999999,832.6435665850668,10.279550204753912
387,44173.7222416604,44998.99999999998,825.27775833958,1.8339913294508334
388,11474.218577295609,19998.99999999998,8524.781422704373,42.62603841544267
389,2810.706369931077,2449.9999999999995,-360.70636993107746,14.722708976778677
390,24271.904203826085,20900.000000000007,-3371.9042038260777,16.133512936966873
391,25302.43381891645,51999.99999999997,26697.566181083523,51.34147342516064
392,8139.482602360289,6699.9999999999945,-1439.4826023602945,21.48481496060143
393,13600.390429978219,25799.999999999985,12199.609570021767,47.285308410937105
394,9076.420319905517,8500.000000000005,-576.4203199055119,6.781415528300134
395,21303.572522971677,23900.00000000002,2596.427477028341,10.863713293005603
396,16165.787164266336,4400.000000000004,-11765.787164266332,267.4042537333255
397,7973.870626955033,3650.0000000000005,-4323.870626955033,118.46220895767212
398,8707.134543980628,8500.000000000005,-207.13454398062277,2.436876988007325
399,14410.149137365022,18932.54999999999,4522.400862634966,23.886908327906006
400,25986.30889874831,31309.999999999985,5323.691101251676,17.00316544634838
401,9070.230803368124,14500.000000000004,5429.76919663188,37.44668411470261
402,8850.208251766448,10199.99999999999,1349.7917482335433,13.233252433662201
403,2839.030713040035,4300.0,1460.9692869599648,33.97602992930151
404,8648.797492782493,4400.000000000004,-4248.797492782489,96.56357938142013
405,6425.002864452557,9399.999999999995,2974.997135547437,31.64890569731318
406,24874.862223589516,23999.000000000015,-875.8622235895018,3.6495779973728126
407,21097.66494503926,17900.000000000007,-3197.6649450392542,17.86404997228633
408,65448.36830297914,40499.99999999996,-24948.36830297918,61.600909390072104
409,8121.219256135118,10199.99999999999,2078.7807438648733,20.38020337122427
410,16407.289491307194,14800.000000000002,-1607.2894913071923,10.860064130454
411,13409.473088886722,8700.000000000004,-4709.473088886718,54.13187458490478
412,7609.276846242313,6999.999999999999,-609.2768462423137,8.703954946318767
413,12234.676808586348,8500.000000000005,-3734.6768085863423,43.937374218662825
414,14363.757944507883,9499.999999999995,-4863.757944507888,51.197452047451485
415,8117.444617213565,8900.000000000002,782.5553827864369,8.792757109959963
416,22367.517828880507,28500.00000000002,6132.482171119511,21.517481302173707
417,3795.0570021338617,2300.000000000001,-1495.0570021338608,65.0024783536461
418,11378.429707471694,18600.000000000015,7221.57029252832,38.825646734023195
419,17591.09309276676,19599.99999999998,2008.9069072332204,10.249525036904195
420,14576.333665437603,10999.999999999998,-3576.3336654376053,32.51212423125096
421,8033.613771482576,9750.000000000004,1716.3862285174273,17.603961318127453
422,53294.61017859277,57000.000000000044,3705.389821407276,6.500683897205742
423,74232.54927205322,103999.00000000004,29766.450727946823,28.621862448626246
424,50074.564075344686,69990.00000000004,19915.435924655358,28.45468770489405
425,3940.4897927496827,4999.000000000002,1058.5102072503191,21.174439032812938
426,13542.792667201375,10199.99999999999,-3342.7926672013837,32.77247712942536
427,5462.516501523905,2699.999999999999,-2762.5165015239063,102.31542598236693
428,2389.139517925747,1649.9999999999998,-739.1395179257472,44.79633441974226
429,67952.06864556059,53500.00000000001,-14452.068645560583,27.01321242160856
430,14197.26338866499,12399.999999999996,-1797.2633886649928,14.49405958600801
431,16253.48002798546,11499.999999999996,-4753.480027985464,41.334608939004056
432,2975.39793009997,1599.9999999999998,-1375.3979300999702,85.96237063124815
433,6977.9047128462935,6499.999999999995,-477.904712846298,7.35238019763536
434,8843.224975325136,2499.9999999999995,-6343.224975325136,253.7289990130055
435,53063.222821525196,65499.999999999956,12436.77717847476,18.98744607400728
436,40893.83767104576,126000.00000000007,85106.16232895432,67.54457327694784
437,18866.498863969042,18300.000000000015,-566.4988639690273,3.095622207481021
438,16257.030677421682,16998.999999999996,741.969322578314,4.364782178824131
439,14926.687641404933,17800.000000000007,2873.3123585950743,16.142204261770075
440,8638.631954507224,11799.999999999998,3161.3680454927744,26.791254622820126
441,11619.159025073935,10000.00000000001,-1619.1590250739264,16.19159025073925
442,25951.306702310474,18988.129999999997,-6963.176702310477,36.67120828807512
443,3735.0375104202603,4999.000000000002,1263.9624895797415,25.2843066529254
444,38334.66545540897,32000.000000000007,-6334.665455408962,19.795829548153
445,7712.646561150116,5499.999999999999,-2212.646561150117,40.22993747545669
446,9363.269155724738,8900.000000000002,-463.26915572473627,5.205271412637485
447,34863.52747136494,87777.00000000007,52913.47252863513,60.28170537684711
448,13502.35439741779,14500.000000000004,997.6456025822135,6.880314500566988
449,9495.617786788767,8649.999999999998,-845.6177867887691,9.775928170968431
450,14218.940555466108,13499.999999999996,-718.9405554661116,5.325485596045273
451,35956.49833056145,6499.999999999995,-29456.498330561455,453.1768973932535
452,39882.66661983095,37700.00000000002,-2182.666619830925,5.789566630851256
453,8381.602603432912,6998.999999999996,-1382.6026034329152,19.754287804442292
454,20972.53948097582,17500.000000000015,-3472.5394809758072,19.84308274843317
455,10946.444431732021,6499.999999999995,-4446.444431732026,68.40683741126198
456,19624.72748317486,12700.000000000004,-6924.727483174855,54.5254132533453
457,16821.543784680962,26799.99999999998,9978.45621531902,37.23304557954861
458,14136.011302629211,11499.999999999996,-2636.0113026292147,22.921837414167094
459,2779.038543674469,2300.000000000001,-479.0385436744682,20.82776276845513
460,50954.68384011141,61000.000000000044,10045.316159888636,16.467731409653492
461,31656.011113208067,24699.999999999996,-6956.011113208071,28.161988312583286
462,43236.91799804248,40499.99999999996,-2736.917998042518,6.75782221738894
463,35093.26775241071,19990.000000000015,-15103.267752410698,75.55411581996341
464,4266.274455541515,5200.000000000001,933.7255444584862,17.956260470355502
465,6537.820574276097,2699.999999999999,-3837.8205742760983,142.14150275096665
466,25975.118058487973,21899.999999999993,-4075.1180584879803,18.60784501592686
467,22262.80128359498,22711.65000000001,448.8487164050275,1.97629285589126
468,12558.902605255034,8999.0,-3559.9026052550344,39.558868821591666
469,65825.24671364317,104998.99999999996,39173.75328635679,37.308691784071094
470,7045.723880043542,6499.999999999995,-545.7238800435462,8.395752000669948
471,4209.169809602088,3499.9999999999995,-709.1698096020887,20.26199456005968
472,20367.247681610086,22699.999999999996,2332.75231838991,10.276441931233087
473,1792.3594263091616,1998.9999999999993,206.64057369083775,10.337197283183484
474,10932.173858053435,13799.999999999998,2867.8261419465634,20.781348854685245
475,5570.456189435081,8800.000000000007,3229.5438105649264,36.699361483692314
476,15700.53053096649,18499.999999999985,2799.4694690334964,15.132267400181073
477,15374.083650262222,8900.000000000002,-6474.0836502622205,72.7425129242946
478,36764.38223746596,62000.000000000044,25235.617762534086,40.70260929440978
479,36883.77052181042,49000.0,12116.229478189583,24.726998935080783
480,31369.368199107037,32500.000000000007,1130.6318008929702,3.478867079670677
481,6599.619697911592,7799.999999999996,1200.3803020884043,15.389491052415446
482,12027.55718179587,16200.0,4172.44281820413,25.755819865457592
483,28937.50295510816,34900.00000000001,5962.497044891847,17.084518753271762
484,13334.188750774638,11599.999999999993,-1734.188750774645,14.949903023919365
485,9664.464380767617,1900.0000000000005,-7764.464380767617,408.65602004040073
486,13884.261293953172,27800.000000000007,13915.738706046835,50.05661405052817
487,10824.890801640917,6699.9999999999945,-4124.890801640922,61.56553435284964
488,4043.739928297478,2900.0000000000005,-1143.7399282974775,39.43930787232681
489,28910.96102402829,42499.99999999999,13589.038975971704,31.974209355227543
490,8902.519860972316,6499.999999999995,-2402.51986097232,36.9618440149588
491,6503.622118783374,4900.000000000004,-1603.6221187833708,32.72698201598713
492,7161.670374422567,2199.9999999999995,-4961.670374422567,225.53047156466218
493,5484.967737587197,4999.000000000002,-485.9677375871952,9.72129901154621
494,33392.396118995755,41999.99999999998,8607.603881004223,20.49429495477197
495,3747.214689879219,4900.000000000004,1152.7853101207847,23.526230818791507
496,17540.721706225133,14899.000000000005,-2641.7217062251275,17.73086587170365
497,50099.91757279767,51499.999999999985,1400.0824272023165,2.71860665476178
498,7950.268146557398,11999.999999999993,4049.731853442595,33.74776544535498
499,12270.011057632188,15900.000000000007,3629.9889423678196,22.830119134388795
500,8973.161147772102,12750.0,3776.8388522278983,29.62226550766979
501,60493.514051019214,74999.99999999996,14506.485948980742,19.341981265307666
502,9984.866727541348,2999.9999999999977,-6984.86672754135,232.8288909180452
503,6392.697231458359,7300.000000000002,907.3027685416428,12.42880504851565
504,23272.827598364445,25749.750000000004,2476.9224016355583,9.61920951324016
505,10105.702210437263,15000.000000000004,4894.297789562741,32.628651930418265
506,3590.9733841853026,3200.0000000000027,-390.9733841852999,12.217918255790611
507,18282.749790592767,21950.00000000001,3667.2502094072443,16.707290247868986
508,16197.420849585538,15000.000000000004,-1197.4208495855346,7.982805663903562
509,5839.077759729135,7199.999999999996,1360.922240270861,18.90169778153975
510,1873.0288266109808,3399.999999999999,1526.9711733890183,44.910916864382905
511,17282.060946159087,11899.999999999998,-5382.060946159088,45.22740290889991
512,15144.279256157413,29000.00000000001,13855.720743842598,47.77834739256067
513,5346.965427221757,4099.999999999999,-1246.9654272217576,30.413790907847755
514,15015.215127985566,10499.999999999993,-4515.215127985573,43.00204883795787
515,32121.20144654003,41000.00000000003,8878.798553459997,21.6556062279512
516,11858.478798828613,10800.000000000007,-1058.4787988286062,9.800729618783384
517,9424.341609501771,11999.999999999993,2575.6583904982217,21.463819920818526
518,21297.654017067707,19799.99999999999,-1497.654017067718,7.563909177109691
519,8667.115816386015,6899.999999999999,-1767.1158163860155,25.610374150521963
520,16773.622785495776,10499.999999999993,-6273.622785495783,59.74878843329322
521,27740.814711949388,23500.00000000001,-4240.814711949377,18.046020050848405
522,17011.429872509263,11700.000000000007,-5311.429872509256,45.3968365171731
523,10809.47815023495,15400.000000000013,4590.521849765062,29.808583440032848
524,5863.4087196834325,4800.000000000001,-1063.4087196834316,22.154348326738155
525,2373.6603925091613,2699.999999999999,326.3396074908378,12.086652129290293
526,29049.2707506026,28350.0,-699.2707506026018,2.4665634941890713
527,9829.531778223738,8700.000000000004,-1129.5317782237344,12.983123887629125
528,18555.090725957598,18799.999999999993,244.90927404239483,1.302708904480824
529,53312.81393563538,63000.00000000004,9687.186064364658,15.37648581645183
530,17714.616760351542,11399.999999999996,-6314.616760351546,55.39137509080305
531,47047.70154298472,52299.99999999999,5252.298457015269,10.04263567306935
532,10019.903027221895,1800.0000000000005,-8219.903027221895,456.66127929010514
533,24642.49739232526,23999.999999999985,-642.4973923252728,2.6770724680219717
534,16939.863671062332,19400.00000000001,2460.1363289376786,12.681115097616894
535,34678.94918881058,43499.999999999985,8821.050811189409,20.27827772687221
536,6746.428866604529,5999.999999999995,-746.4288666045331,12.440481110075561
537,9139.043818336479,11799.999999999998,2660.9561816635196,22.55047611579254
538,17591.09309276676,19599.99999999998,2008.9069072332204,10.249525036904195
539,6781.860067437535,4699.999999999997,-2081.8600674375375,44.294895051862525
540,4666.049423390982,4500.000000000001,-166.04942339098125,3.6899871864662495
541,9369.663232329935,15000.000000000004,5630.336767670069,37.53557845113378
542,5947.512612774052,6499.999999999995,552.4873872259432,8.499805957322208
543,9489.560964266238,10900.000000000002,1410.4390357337634,12.93980766728223
544,12354.923323898622,27500.000000000022,15145.0766761014,55.073006094914135
545,6826.77970743592,7300.000000000002,473.22029256408223,6.48246976115181
546,6746.484165333365,3799.000000000001,-2947.484165333364,77.5857900851109
547,9175.057120995369,7499.0,-1676.0571209953687,22.350408334382834
548,46465.01827562765,39899.99999999999,-6565.018275627655,16.45367988879112
549,3816.3300481642314,3750.0,-66.33004816423136,1.768801284379503
550,14915.984447254028,7899.999999999996,-7015.984447254032,88.8099297120764
551,11555.796279635546,7400.0,-4155.796279635546,56.15940918426413
552,5983.440620241201,8500.000000000005,2516.5593797588044,29.606580938338855
553,16392.221796431677,17699.999999999985,1307.7782035683085,7.388577421289885
554,8340.93635374644,3349.9999999999973,-4990.936353746442,148.9831747386999
555,6610.037370341957,9800.000000000007,3189.96262965805,32.55063907814335
556,18231.44119440662,18600.000000000015,368.55880559339494,1.981498954803197
557,12523.731315806217,16000.000000000002,3476.268684193785,21.726679276211154
558,7098.528327753416,8400.000000000002,1301.4716722465855,15.493710383887919
559,11377.836891791805,11999.0,621.1631082081949,5.176790634287815
560,33172.19690072072,40799.99999999997,7627.803099279248,18.6955958315668
561,6429.0305431712995,6499.999999999995,70.96945682869591,1.0918377973645532
562,9593.522716234833,10999.999999999998,1406.4772837651653,12.786157125137867
563,2285.24466908213,3499.9999999999995,1214.7553309178697,34.707295169081995
564,25682.5823101096,17299.999999999996,-8382.582310109603,48.4542330064139
565,7324.628864352266,7099.999999999997,-224.62886435226847,3.1637868218629372
566,11881.048241149705,8199.999999999998,-3681.048241149707,44.89083220914278
567,7279.967309536074,11950.00000000001,4670.032690463935,39.07977146831742
568,7940.4427257933075,10999.999999999998,3059.5572742066906,27.814157038242648
569,1926.6007610917995,2400.0000000000005,473.3992389082009,19.7249682878417
570,23163.872723542365,24171.419999999976,1007.5472764576116,4.168341274354641
571,26331.410666647615,11199.99999999999,-15131.410666647624,135.10188095221102
572,10597.721934328527,8300.000000000007,-2297.7219343285196,27.683396799138766
573,33707.267552932266,73900.00000000001,40192.73244706775,54.38800060496312
574,12583.520647847577,12999.99999999999,416.4793521524134,3.2036873242493358
575,1858.3411909121237,3499.9999999999995,1641.6588090878759,46.90453740251074
576,15954.724004256974,12999.000000000007,-2955.7240042569665,22.73808757794419
577,14486.379758498564,9000.000000000004,-5486.3797584985605,60.95977509442842
578,3205.3760203795505,1900.0000000000005,-1305.37602037955,68.70400107260788
579,3411.5279128343172,3699.9999999999995,288.4720871656823,7.796542896369793
580,6205.481367657953,5000.000000000004,-1205.4813676579497,24.109627353158977
581,3246.938809940508,3390.0000000000027,143.06119005949495,4.220094102049995
582,7724.173174731974,10999.999999999998,3275.8268252680245,29.780243866072954
583,3425.227204281749,5499.999999999999,2074.77279571825,37.723141740331826
584,11432.626859623386,8900.000000000002,-2532.626859623384,28.45648156880206
585,39074.3644503138,69998.99999999997,30924.635549686172,44.17868190929325
586,9348.904126659912,6799.999999999999,-2548.9041266599133,37.48388421558697
587,15259.814701683314,25999.999999999985,10740.185298316672,41.308404993525684
588,12255.452744073027,22000.0,9744.547255926973,44.29339661784988
589,3173.484215516378,5100.000000000005,1926.5157844836267,37.77481930360049
590,14512.605695536124,25998.999999999993,11486.394304463869,44.18013886866369
591,10115.128598412095,9800.000000000007,-315.12859841208774,3.2155979429804846
592,28154.844087349833,38500.0,10345.155912650167,26.870534838052386
593,17908.000265581402,17500.000000000015,-408.0002655813878,2.3314300890364996
594,3001.367573146582,3999.9999999999995,998.6324268534177,24.965810671335444
595,25576.57570790501,28500.00000000002,2923.424292095009,10.2576290950702
596,25685.66790143668,19500.000000000007,-6185.667901436671,31.721373853521378
597,7797.179751138095,6998.999999999996,-798.1797511380983,11.404197044407754
598,8767.535345738248,9700.000000000004,932.4646542617556,9.613037672801601
599,4590.163039478912,5499.999999999999,909.8369605210873,16.5424901912925
600,21816.42510197474,23500.00000000001,1683.574898025272,7.164148502235197
601,35371.16349880048,34600.0,-771.1634988004807,2.228796239307748
602,16427.120828866395,13300.000000000005,-3127.1208288663893,23.512186683205925
603,14513.461337624376,14899.999999999995,386.5386623756185,2.594219210574622
604,31373.470056355236,20859.14999999999,-10514.320056355245,50.40627281723009
605,8940.389630358002,13499.999999999996,4559.610369641994,33.77489162697774
606,20680.396148446373,26999.999999999996,6319.603851553624,23.40594019093935
607,28498.911929569083,32999.99999999998,4501.088070430895,13.63966081948757
608,29127.72326157509,24500.0,-4627.723261575091,18.88866637377588
609,3040.769589457501,1200.0,-1840.7695894575008,153.3974657881251
610,9269.681284029763,8199.999999999998,-1069.6812840297644,13.044893707680055
611,27225.344462740242,13499.999999999996,-13725.344462740246,101.66921824252037
612,2953.1700175194464,2999.9999999999977,46.82998248055128,1.560999416018377
613,13853.35582860563,10800.000000000007,-3053.355828605623,28.271813227829824
614,19298.614510437772,14999.00000000001,-4299.614510437763,28.66600780343863
615,7869.467326202457,8500.000000000005,630.5326737975483,7.41803145644174
616,13500.692824375776,15900.000000000007,2399.3071756242316,15.08998223663038
617,2573.4776845846104,4900.000000000004,2326.522315415393,47.48004725337533
618,31251.889133351015,23500.00000000001,-7751.889133351004,32.986762269578726
619,16095.324443122065,3599.999999999998,-12495.324443122066,347.09234564227984
620,25752.193505830855,30989.99999999999,5237.806494169134,16.901602110903955
621,38473.71275423237,119000.0000000001,80526.28724576773,67.66914894602324
622,4472.472568643473,4200.0,-272.4725686434731,6.487442110558883
623,23227.146036376937,31899.999999999978,8672.853963623042,27.187629980009554
624,16924.741542018197,9999.0,-6925.741542018197,69.2643418543674
625,23485.451166573184,18777.000000000007,-4708.451166573177,25.07563064692536
626,18621.12051537883,24100.000000000004,5478.879484621175,22.73393977021234
627,13074.738640505542,11499.999999999996,-1574.7386405055458,13.693379482656926
628,2539.5740867856907,4400.000000000004,1860.425913214313,42.282407118507074
629,7319.769018174285,1849.9999999999995,-5469.7690181742855,295.6631901715831
630,8734.578436155645,8800.000000000007,65.42156384436203,0.7434268618677498
631,7256.860449618536,8500.000000000005,1243.1395503814692,14.625171180958452
632,15383.349322290951,14990.000000000004,-393.3493222909474,2.624078200740142
633,11056.522389833288,6399.9999999999945,-4656.522389833293,72.75816234114527
634,18165.156299644117,23900.00000000002,5734.843700355901,23.9951619261753
635,3818.7108003388416,1450.0,-2368.7108003388416,163.35936554060976
636,28498.911929569083,28949.999999999996,451.0880704309129,1.5581625921620483
637,35662.25625085712,39999.99999999997,4337.74374914285,10.844359372857133
638,8242.617522461063,7300.000000000002,-942.6175224610615,12.912568800836455
639,30628.277108317714,4999.000000000002,-25629.277108317714,512.6880797823105
640,14402.34370275808,10000.00000000001,-4402.343702758071,44.02343702758067
641,17334.10534860726,18499.999999999985,1165.8946513927258,6.3021332507714956
642,8721.96503953044,8999.0,277.03496046956025,3.078508283915549
643,8156.109307837562,9899.999999999995,1743.890692162433,17.615057496590243
644,53312.81393563538,67431.00000000001,14118.186064364636,20.937233712038427
645,10740.08850780957,19100.000000000007,8359.911492190437,43.76917011618028
646,3450.6867566033447,6099.999999999998,2649.3132433966534,43.43136464584679
647,2625.099440961863,2149.9999999999995,-475.09944096186337,22.097648416830857
648,21174.09936233121,21334.999999999996,160.90063766878666,0.7541628201021171
649,11147.912296151064,10499.999999999993,-647.9122961510711,6.170593296676872
650,8236.357382167696,7199.999999999996,-1036.3573821677,14.393852530106951
651,3026.246979811747,2549.9999999999995,-476.2469798117477,18.676352149480305
652,17195.573481388168,12500.0,-4695.573481388168,37.564587851105344
653,10332.535534085044,9300.000000000007,-1032.5355340850365,11.102532624570276
654,4032.095072149261,7650.000000000001,3617.90492785074,47.29287487386588
655,7814.161439984434,9499.999999999995,1685.8385600155607,17.745669052795385
656,35039.40053875631,85555.0,50515.59946124369,59.044590568924896
657,32481.045509724172,5999.999999999995,-26481.045509724176,441.3507584954033
658,10563.393049471772,20500.000000000015,9936.606950528243,48.47125341721091
659,3621.08300356587,4799.000000000001,1177.9169964341309,24.545050977998137
660,7809.127905908253,2898.999999999999,-4910.1279059082535,169.37315991404813
661,10303.213148850482,13300.000000000005,2996.7868511495235,22.53223196353024
662,9232.789469772928,7449.999999999996,-1782.7894697729316,23.930059996952114
663,2613.9718692364872,3099.000000000001,485.0281307635137,15.651117481881688
664,4590.487309487831,1699.9999999999993,-2890.487309487832,170.02866526399018
665,17858.024036486968,18000.000000000007,141.97596351303946,0.7887553528502188
666,65723.6164915606,104998.99999999996,39275.38350843935,37.40548339359362
667,49221.628400757836,52998.999999999956,3777.3715992421203,7.127250701413466
668,8270.380541441618,4699.999999999997,-3570.380541441621,75.96554343492815
669,11477.472963371329,17650.000000000004,6172.527036628675,34.97182457013413
670,33614.61734899247,41000.00000000003,7385.38265100756,18.013128417091593
671,2886.353393418488,4200.0,1313.646606581512,31.27730015670267
672,5679.389316736629,4500.000000000001,-1179.3893167366277,26.208651483036167
673,22213.53202634834,34500.00000000003,12286.467973651688,35.61295064826574
674,2381.009600318108,2699.999999999999,318.9903996818912,11.814459247477455
675,13476.896661589471,22499.99999999999,9023.103338410518,40.102681504046764
676,6861.836176157745,7300.000000000002,438.16382384225653,6.0022441622226905
677,9631.07519875255,3799.000000000001,-5832.075198752548,153.5160620887746
678,4569.152691324873,6899.999999999999,2330.8473086751264,33.78039577790039
679,25864.650495995775,69990.00000000004,44125.34950400427,63.04522003715422
680,21493.44207341113,9000.000000000004,-12493.442073411126,138.81602303790135
681,5195.688373979294,4099.999999999999,-1095.6883739792947,26.724106682421827
682,5454.338329380511,5000.000000000004,-454.3383293805073,9.08676658761014
683,32771.449749388936,44799.99999999997,12028.550250611035,26.84944252368536
684,18942.339739163024,12999.000000000007,-5943.339739163017,45.72151503317958
685,12592.998668994973,14600.000000000005,2007.0013310050326,13.746584458938575
686,23576.989736785697,11999.999999999993,-11576.989736785705,96.47491447321427
687,11004.054984542827,14500.000000000004,3495.945015457177,24.109965623842594
688,24572.276357460512,20500.000000000015,-4072.276357460498,19.864762719319486
689,4524.770205947623,3800.0000000000014,-724.7702059476219,19.072900156516358
690,11706.929354259202,18099.999999999996,6393.070645740794,35.32083229691047
691,8467.166787139387,6950.000000000001,-1517.1667871393865,21.8297379444516
692,8471.553869766549,6799.0000000000055,-1672.5538697665434,24.5999980845204
693,12354.155598367497,12899.999999999993,545.8444016324956,4.231351950639504
694,8131.916719764539,3998.9999999999995,-4132.91671976454,103.34875518290924
695,11178.463784788031,8600.0,-2578.4637847880313,29.982137032418972
696,2470.613395939482,2999.9999999999977,529.3866040605158,17.64622013535054
697,10031.956348862059,17299.999999999996,7268.043651137938,42.011813012358026
698,30480.8478377442,30500.000000000022,19.152162255821167,0.06279397460924968
699,4255.624496847341,5799.999999999996,1544.3755031526553,26.627163847459588
700,25640.666825979722,19799.99999999999,-5840.666825979733,29.498317302927962
701,7996.003327322266,4999.000000000002,-2997.0033273222643,59.95205695783683
702,7011.736231216165,10499.999999999993,3488.263768783828,33.221559702703146
703,5597.056204926339,11999.0,6401.943795073661,53.35397779042971
704,6891.991191991169,2999.9999999999977,-3891.9911919911715,129.73303973303916
705,12976.14938510936,17500.000000000015,4523.8506148906545,25.850574942232292
706,61639.7321226027,72900.00000000004,11260.267877397346,15.446183645263838
707,2725.3999667558614,2600.0,-125.39996675586144,4.8230756444562095
708,11967.391989826325,11700.000000000007,-267.3919898263175,2.2854016224471567
709,34446.962455118686,27900.000000000007,-6546.962455118679,23.465815251321423
710,3795.0570021338617,3499.9999999999995,-295.05700213386217,8.430200060967492
711,19676.50570426181,24500.0,4823.49429573819,19.68773181933955
712,8530.54194378185,14500.000000000004,5969.4580562181545,41.16867624978037
713,4004.646359948591,1999.9999999999998,-2004.6463599485912,100.23231799742958
714,23118.072456279086,22999.00000000002,-119.07245627906741,0.5177288415977535
715,10220.740707025074,8600.0,-1620.7407070250738,18.84582217471016
716,11425.010570586534,13499.999999999996,2074.989429413463,15.370292069729357
717,4172.842584525845,7750.000000000004,3577.1574154741584,46.156869877085896
718,8041.624621824482,6998.999999999996,-1042.624621824486,14.896765564001807
719,11391.946200982928,11499.999999999996,108.05379901706874,0.9395982523223372
720,2860.9703428221746,3349.9999999999973,489.0296571778226,14.597900214263374
721,11431.354315630513,13998.999999999996,2567.645684369483,18.341636433813015
722,30409.086774191794,18900.00000000001,-11509.086774191783,60.89463901688771
723,6009.630832447534,6099.999999999998,90.3691675524642,1.4814617631551512
724,44312.97784129897,50900.00000000001,6587.022158701038,12.941104437526596
725,15742.412733181585,16998.999999999996,1256.587266818411,7.392124635675107
726,45664.44550435611,35500.00000000002,-10164.445504356088,28.632240857341074
727,10810.62354775954,5000.000000000004,-5810.623547759536,116.21247095519065
728,5792.099374734658,8700.000000000004,2907.9006252653453,33.42414511799246
729,9817.055625340015,3200.0000000000027,-6617.055625340013,206.7829882918752
730,10696.556304537895,12179.000000000007,1482.4436954621124,12.1721298584622
731,16027.017584063602,15000.000000000004,-1027.0175840635984,6.846783893757322
732,19309.90060933039,12500.0,-6809.900609330391,54.47920487464313
733,11601.333033496821,7199.999999999996,-4401.333033496825,61.129625465233715
734,23336.06282145734,33199.99999999997,9863.93717854263,29.710654152236867
735,10337.108092656073,7500.000000000001,-2837.1080926560726,37.828107902080966
736,53312.81393563538,43163.25000000004,-10149.563935635342,23.51436450136478
737,37704.706875160016,26899.999999999985,-10804.70687516003,40.16619656193322
738,20216.67278601946,24900.000000000004,4683.327213980545,18.808543028034315
739,22213.53202634834,34500.00000000003,12286.467973651688,35.61295064826574
740,6658.733822220435,6249.999999999999,-408.7338222204362,6.539741155526981
741,19855.309035939837,14800.000000000002,-5055.309035939836,34.157493486079964
742,16960.310475913695,16998.999999999996,38.68952408630139,0.2275988239678887
743,5268.171893355117,8400.000000000002,3131.8281066448844,37.28366793624861
744,2379.5834136432163,2999.9999999999977,620.4165863567814,20.680552878559396
745,6421.180201178299,4400.000000000004,-2021.1802011782956,45.93591366314305
746,13355.106770412489,7500.000000000001,-5855.106770412488,78.0680902721665
747,8453.281423535384,10900.000000000002,2446.7185764646183,22.446959417106584
748,48699.979367385575,77499.99999999999,28800.02063261441,37.161316945308926
749,6082.849234373315,7449.999999999996,1367.1507656266813,18.35101698827761
750,10381.621436446681,2999.9999999999977,-7381.621436446683,246.0540478815563
751,8493.042746278337,12799.99999999999,4306.957253721654,33.64810354470044
752,8591.658844941563,11999.999999999993,3408.3411550584296,28.402842958820262
753,6358.5473008905965,4850.000000000002,-1508.5473008905947,31.104068059599875
754,17028.451181902492,18699.999999999996,1671.5488180975044,8.938763733141737
755,15885.658672714859,17299.999999999996,1414.3413272851376,8.17538339471178
756,3752.540951631659,2600.0,-1152.540951631659,44.3284981396792
757,12028.905190394975,10499.999999999993,-1528.9051903949821,14.561001813285554
758,9380.45982691216,7950.000000000003,-1430.459826912157,17.993205369964233
759,10125.265175605591,6699.9999999999945,-3425.2651756055966,51.12336082993431
760,13443.324967925846,9000.000000000004,-4443.324967925842,49.37027742139823
761,9097.12744792957,8000.0,-1097.1274479295698,13.714093099119623
762,12201.288473804767,12999.000000000007,797.7115261952404,6.136714564160627
763,12383.352887469344,10800.000000000007,-1583.3528874693366,14.660674883975327
764,14049.760996236511,10699.99999999999,-3349.7609962365204,31.306177534920778
765,11034.660067674324,9800.000000000007,-1234.6600676743165,12.59857211912567
766,18982.148845159485,17900.000000000007,-1082.1488451594778,6.0455242746339515
767,24323.48375302525,18799.999999999993,-5523.483753025259,29.38023272885777
768,38260.3617232915,75554.99999999997,37294.63827670847,49.36091360824364
769,29651.726362642123,29500.000000000025,-151.72636264209723,0.5143266530240579
770,10732.07117889363,9600.000000000004,-1132.071178893626,11.792408113475267
771,13922.446952666824,18300.000000000015,4377.553047333191,23.92105490346004
772,27487.751303324294,68500.00000000004,41012.24869667575,59.8718959075558
773,13491.163043326454,10800.000000000007,-2691.163043326447,24.918176327096717
